model_names,"acceleration inference, batch_size: 1","acceleration train, batch_size: 1","im2col, inference, batch_size: 1","lv-ext, inference, batch_size: 1","im2col, train, batch_size: 1","lv-ext, train, batch_size: 1","acceleration inference, batch_size: 32","acceleration train, batch_size: 32","im2col, inference, batch_size: 32","lv-ext, inference, batch_size: 32","im2col, train, batch_size: 32","lv-ext, train, batch_size: 32"
ConvNeXt,3.0131868428607564,1.3994729097036838,0.4240265,0.1407236,1.43802405,1.0275469,1.1620754379865017,1.0632876498150545,4.6366846,3.9900031,14.7683656,13.8893418
DenseNet121,2.7011062104755816,1.575624841888005,0.1855009,0.0686759,0.7069096,0.4486535,1.2534693725910626,1.036169100624124,2.6923755,2.1479388,12.6862194,12.2433871
EfficientNet,6.669989485006747,2.4963127103581892,0.49731575,0.0745602,1.33507035,0.53481695,1.121879889261884,1.1298641673853496,2.5537233,2.2762894,8.1940817,7.2522715
EfficientNetv2,16.28186773870062,7.202334907846903,2.5620854,0.1573582,12.053267,1.67352215,1.4558721609174592,1.203183521905458,6.1329556,4.21256465,21.0444893,17.4906728
MobileNetv3,12.105678302652656,1.5684538123069776,0.1103481,0.0091154,0.31291775,0.19950715,1.2884028351358188,1.1391237206595466,0.43895395,0.3406962,2.0458146,1.7959547
ResNet18,1.321074637025202,1.0621579200481972,0.0558948,0.0423101,0.2110332,0.19868345,1.0855325609238786,0.8862720054297211,0.8071219,0.7435262,2.98925695,3.3728437
WideResNet50,0.6797203960326701,0.7846926795922912,0.1863516,0.2741592,0.6916193,0.88138875,0.8693605563082452,0.7977827693085691,3.68315245,4.23662245,13.5918181,17.0369913
