model_names,"acceleration inference, batch_size: 1","acceleration train, batch_size: 1","im2col, inference, batch_size: 1","lv-ext, inference, batch_size: 1","im2col, train, batch_size: 1","lv-ext, train, batch_size: 1","acceleration inference, batch_size: 32","acceleration train, batch_size: 32","im2col, inference, batch_size: 32","lv-ext, inference, batch_size: 32","im2col, train, batch_size: 32","lv-ext, train, batch_size: 32"
ConvNeXt,2.3560260677286187,1.177474414020855,0.4724393,0.2005238,1.5661168,1.3300644,1.1190087278994194,1.0605556431775283,6.1761583,5.519312,20.2704419,19.1130395
DenseNet121,3.122060107720349,1.6430011190729519,0.2130831,0.0682508,0.7872384,0.4791466,1.0415097744527333,0.9663276503256204,2.2208416,2.1323291,13.0980777,13.5544892
EfficientNet,7.620280694206955,2.614653451310472,0.55973705,0.0734536,1.3205672,0.50506395,1.0814317166163767,1.4227466786836107,2.3782218,2.1991419,7.8866889,5.543284
EfficientNetv2,19.58985619614861,6.567161064233096,3.0016087,0.1532226,12.1968172,1.8572435,1.393368850971046,1.4053620350129883,5.7712793,4.1419609,21.7360648,15.4665234
MobileNetv3,11.880463635205707,1.4356279307443949,0.1165919,0.00981375,0.31690295,0.2207417,1.2244903507960017,1.0962253667265058,0.4233406,0.345728,1.9161035,1.7479102
ResNet18,1.8553921481455138,1.1963831276674246,0.0782507,0.04217475,0.26524125,0.2217026,0.7610563817484197,0.8134254105937594,0.5683152,0.7467452,3.1617936,3.8870111
WideResNet50,1.244074585655623,1.0739855756563101,0.33919395,0.2726476,1.0936016,1.0182647,0.625895474130196,0.8091050354680169,2.59841495,4.1515158,16.8332114,20.8047295
