model_names,"acceleration inference, batch_size: 1","acceleration train, batch_size: 1","im2col, inference, batch_size: 1","lv-ext, inference, batch_size: 1","im2col, train, batch_size: 1","lv-ext, train, batch_size: 1","acceleration inference, batch_size: 32","acceleration train, batch_size: 32","im2col, inference, batch_size: 32","lv-ext, inference, batch_size: 32","im2col, train, batch_size: 32","lv-ext, train, batch_size: 32"
ConvNeXt,2.696525688337994,0.8577982223471639,0.3655661,0.1355693,1.0179392,1.1866884,1.1012307960913856,0.9863925898269857,4.8062238,4.364411,14.39549,14.5940776
DenseNet121,2.8334019239672825,1.5740008937784382,0.1762512,0.0622048,0.7033689,0.4468669,1.263441740346075,0.9985112159016455,2.8772053,2.2772758,13.7427543,13.7632448
EfficientNet,2.931731906635844,1.3684833239947383,0.1895995,0.0646715,0.7397858,0.5405881,1.0664467750727167,1.1269442586755343,2.4186004,2.2679054,8.6440818,7.6703721
EfficientNetv2,5.053202171229253,5.590555646664826,0.6446749,0.1275775,12.9539883,2.31712,1.4478919823022125,1.224915348029691,6.3059734,4.3552789,22.0001035,17.9605093
MobileNetv3,6.416791193464834,1.0744301651818315,0.0515294,0.0080304,0.1731701,0.1611739,1.2257825196180756,1.0673281389045863,0.3963721,0.3233625,1.6299691,1.527149
ResNet18,1.2245235336423206,1.1195501549857,0.0490358,0.0400448,0.1998762,0.1785326,1.0889384258792703,0.9128196230532792,0.8104152,0.744225,3.1845247,3.4886681
WideResNet50,0.670115626920713,0.7518492599095661,0.1744445,0.26032,0.7198077,0.957383,0.9693667932236841,0.8498274823283908,4.0205619,4.1476167,15.3664104,18.0817998
