,model_names,"inference, batch_size: 1","train, batch_size: 1","inference, batch_size: 32","train, batch_size: 32"
0,ConvNeXt,0.0805797,0.2446732,1.598144,4.723875
1,DenseNet121,0.1164808,0.2522871,1.5435163,4.5821567
2,EfficientNet,0.0598909,0.1230739,0.9899088,2.6415434
3,EfficientNetv2,0.13141,0.2856547,1.8736856,5.1560116
4,MobileNetv3,0.0220434,0.0392312,0.2386686,0.5895018
5,ResNet18,0.0289765,0.0681748,0.4151833,1.2125939
6,WideResNet50,0.1647507,0.4650428,2.3093054,6.9086385
