,model_names,"inference, batch_size: 1","train, batch_size: 1","inference, batch_size: 32","train, batch_size: 32"
0,ConvNeXt,0.0838077,0.3047408,1.6291157,4.6741033
1,DenseNet121,0.108188,0.2309508,1.5926049,4.6524887
2,EfficientNet,0.0661599,0.1544869,0.9558551,2.707274
3,EfficientNetv2,0.129968,0.2956851,1.830179,5.1837134
4,MobileNetv3,0.022812,0.0398323,0.2456348,0.5598582
5,ResNet18,0.0305176,0.074905,0.4218851,1.192504
6,WideResNet50,0.1575364,0.4871242,2.2386081,6.8065705
